Source,Target,Tag,Example1,URL1,Example2,URL2,Note
adversarial prompting,적대적 프롬프팅,위험;프롬프트 엔지니어링,"적대적 프롬프팅(adversarial prompting)은 대규모언어모델(LLM: Large Language Model)과 관련한 위험 및 안전 문제를 이해하는 데 도움이 된다는 점에서, 프롬프트 엔지니어링(prompt engineering)에서 중요한 주제로 인식되고 있습니다.",https://www.promptingguide.ai/kr/risks/adversarial,,,
black-box frozen LLM,블랙박스 고정 대규모언어모델,언어모델,정책 언어모델은 블랙박스 고정 대규모언어모델(black-box frozen LLM)을 안내하는 힌트를 생성하기 위해 작게 최적화될 수 있습니다.,https://www.promptingguide.ai/kr/techniques/dsp,,,
chain-of-thought,생각의 사슬,프롬프트 엔지니어링;기법,"Wei et al. (2022)(opens in a new tab)에서 소개된 생각의 사슬(Chain-of-Thought, CoT) 프롬프트는 중간 추론 단계를 통해 복잡한 추론을 가능하게 합니다.",https://www.promptingguide.ai/kr/techniques/cot,,,
directional stimulus prompting,방향 자극 프롬프팅,프롬프트 엔지니어링;기법,아래 그림은 방향 자극 프롬프팅(directional stimulus prompting)이 표준 프롬프팅과 어떻게 비교되는지 보여줍니다.,https://www.promptingguide.ai/kr/techniques/dsp,,,
few-shot,퓨샷,인공지능 방법론;기법,"대규모 언어 모델은 뛰어난 제로샷(zero-shot) 기능을 보여주지만, 복잡한 작업에서는 여전히 개선이 필요합니다. 퓨샷(few-shot) 프롬프트는 프롬프트에서 데모를 제공하여 모델이 더 나은 성능을 발휘하도록 유도하는 문맥 내 학습을 가능하게 하는 기술로 사용할 수 있습니다. ",https://www.promptingguide.ai/kr/techniques/fewshot,"Flan-T5 instruction tuned 모델은 강력한 퓨샷(few-shot) 성능을 보여주며, T5(Text-to-Text Transfer Transformer)와 같은 사전 훈련된 모델(public checkpoint)보다 뛰어난 성능을 보여줍니다.",https://www.promptingguide.ai/kr/models/flan,
LM(Language Model),언어모델,언어모델,프롬프트 엔지니어링은 다양한 애플리케이션과 연구 주제에 언어모델(LM)을 효율적으로 사용할 수 있도록 프롬프트를 개발하고 최적화하는 비교적 새로운 분야입니다,https://www.promptingguide.ai/kr/index,,,
LLM(Large Language Model),대규모언어모델,언어모델,프롬프트 엔지니어링 기술은 대규모언어모델(LLM)의 기능과 한계를 더 잘 이해하는 데 도움이 됩니다.,https://www.promptingguide.ai/kr/index,,,
greedy (algorithm),탐욕(알고리즘),알고리즘,"프롬프트 엔지니어링을 위한 더 진보된 기법 중 하나로 자기 일관성(Self-Consistency)이 있습니다. Wang et al. (2022)(opens in a new tab)에서 제안한 자기 일관성은 ""생각의 사슬 프롬프트에 사용되는 일반적인 탐욕 알고리즘 디코딩을 대체하는 것""을 목표로 합니다. ",https://www.promptingguide.ai/kr/techniques/consistency,,,
temperature,temperature,언어모델 튜닝 용어,"temperature - 요컨대, temperature 값이 낮을수록 항상 가장 확률이 높은 토큰(말뭉치의 최소 단위)이 선택되기 때문에 더 결정론적인 결과를 낳습니다.",https://www.promptingguide.ai/kr/introduction/settings,,,
top_p,top_p,언어모델 튜닝 용어,"top_p - 마찬가지로, temperature를 활용하는 핵 샘플링 기법인 top_p를 사용하면 모델이 응답을 생성하는 결정성을 제어할 수 있습니다.",https://www.promptingguide.ai/kr/introduction/settings,,,
zero-shot,제로샷,프롬프트 엔지니어링;기법,대량의 데이터를 학습하고 지침을 따르도록 튜닝된 오늘날의 머신러닝은 제로샷(zero-shot)으로 작업을 수행할 수 있습니다. 이전 장에서 몇 가지 제로샷(zero-shot) 예제를 시도해 보았습니다. 다음은 우리가 사용한 예제 중 하나입니다.,https://www.promptingguide.ai/kr/techniques/zeroshot,,,
instruction,지시,프롬프트 엔지니어링,지시(Instruction) - 모델이 수행할 특정 작업 또는 지시,https://www.promptingguide.ai/kr/introduction/elements,,,
params,파라미터,기술 용어,5개의 입력 파라미터를 받아 비밀번호를 생성하는 함수를 만들어 봅시다!,https://www.promptingguide.ai/kr/applications/pf.kr#%EB%8B%A4%EC%A4%91-%ED%8C%8C%EB%9D%BC%EB%AF%B8%ED%84%B0params-%ED%95%A8%EC%88%98,,,
playground,플레이그라운드,기술 용어;일반 용어,아래는 OpenAI 플레이그라운드(Playground)에서 찍은 스크린샷입니다.,https://www.promptingguide.ai/kr/models/gpt-4.kr#gpt-4-%EC%A1%B0%EC%A2%85%ED%95%98%EA%B8%B0steering-gpt-4,앞으로 나오는 모든 예시에는 OpenAI의 Playground(채팅 모드)와 gpt-3.5-turbo 모델이 사용됩니다.,https://www.promptingguide.ai/kr/applications/coding.kr,"용어집과 다르게 번역되어 있어 확인이 필요할 것 같습니다. 서비스명일 경우 DNT(Do Not Translate), 그 외에 해당할 경우에는 번역하는 것이 좋을 것 같아요.

현재 번역: OpenAI Playground, OpenAI 플레이그라운드(Playground), OpenAI의 Playground(채팅 모드)로 번역되어 있어 일관성 문제가 있습니다."
prompt,프롬프트,프롬프트 엔지니어링,"프롬프트를 사용할 때, API를 사용하거나 직접 대규모언어모델(LLM)과 상호 작용 할 수 있습니다. 몇 가지 파라미터를 설정하여 프롬프트에서 여러 가지 결과를 얻을 수 있습니다.",https://www.promptingguide.ai/kr/introduction/settings,,,
prompt attack,프롬프트 공격,프롬프트 엔지니어링,모델의 기본 원칙을 위배하고 우회하도록 하는 프롬프트 공격(prompt attack)을 방어하며 LLM을 구축하는 것은 몹시 중요합니다. 마찬가지로 아래에서 그 예시를 살펴보도록 하겠습니다.,https://www.promptingguide.ai/kr/risks/adversarial.kr,,,
prompt function,프롬프트 함수,프롬프트 엔지니어링,다음으로 우리는 trans_word라는 함수를 만들 것입니다. 이 프롬프트 함수는 GPT가 중국어를 영어로 번역하게 만듭니다.,https://www.promptingguide.ai/kr/applications/pf.kr,,,
prompt injection,프롬프트 주입,프롬프트 엔지니어링,"이제까지 프롬프트 주입(prompt injection)과 관련한 다양한 유형의 적대적인 프롬프트 공격을 확인할 수 있었으며, 그 상세한 예시는 아래 목록에서 확인하실 수 있습니다.",https://www.promptingguide.ai/kr/risks/adversarial.kr,,,
property,프로퍼티,기술 용어,와루이지 효과: 프로퍼티 P를 달성하기 위해 LLM을 훈련시킨 챗봇으로 프로퍼티 P를 달성하는 것보다 프로퍼티 P의 정반대 결과를 유도하기가 더 쉽다.,https://www.promptingguide.ai/kr/risks/adversarial.kr#%EC%99%80%EB%A3%A8%EC%9D%B4%EC%A7%80-%ED%98%84%EC%83%81-the-waluigi-effect,,,
role prompting,역할 프롬프팅,프롬프트 엔지니어링;기법,예를 들어 주어진 질문에 기술적이고 과학적인 대답을 반환할 수 있는 대화형 시스템을 구축해 보겠습니다. 이른바 *역할 프롬프팅(role prompting)*이라 불리는 것입니다.,https://www.promptingguide.ai/kr/introduction/examples.kr#%EB%8C%80%ED%99%94,,,markdown 서식이 잘못 적용된 부분이 있어 수정이 필요할 것 같습니다.
self-consistency,자기 일관성,프롬프트 엔지니어링;기술 용어;기법,프롬프트 엔지니어링을 위한 더 진보된 기법 중 하나로 자기 일관성(Self-Consistency)이 있습니다.,https://www.promptingguide.ai/kr/techniques/consistency.kr,,,
snapshot,스냅샷,일반 용어,User Message는 사용자가 모델로 생성하고자 하는 특정 코드의 지시를 가진 프롬프트 자체가 됩니다. 아래는 코드 생성을 위한 첫 번째 기초 프롬프트의 스냅샷입니다.,https://www.promptingguide.ai/kr/applications/coding.kr#%EA%B8%B0%EB%B3%B8-%EC%98%88%EC%8B%9C,,,
task,작업,일반 용어,"Yao et al., 2022(opens in a new tab)에서는 대규모언어모델을 사용하여 *추론 추적(reasoning traces)*과 *작업별 행동(task-specific actions)*을 인터리브 방식으로 생성하는 ReAct라는 프레임워크를 소개했습니다.",https://www.promptingguide.ai/kr/techniques/react.kr#how-it-works,,,markdown 서식이 잘못 적용된 부분이 있어 수정이 필요할 것 같습니다.
task solving trajectories,작업 해결 궤적,프롬프트 엔지니어링,"문맥 내(in-context) 예시는 프롬프트에 추가되지만, 여기에서는 단순화를 위해 제외됨을 유의하세요. 우리는 모델이 작업 해결 궤적(생각, 행동)을 생성하는 것을 볼 수 있습니다. ",https://www.promptingguide.ai/kr/techniques/react.kr#how-it-works,,,오타가 있어 수정이 필요합니다.
technique,기법,일반 용어,"이 실습 과정에서는 대규모언어모델(LLM)을 통한 효과적인 작업과 구축을 위해 프롬프트 엔지니어링의 기법 및 도구, 사용 사례, 연습, 프로젝트를 다룹니다.",https://www.promptingguide.ai/kr,,,
program-aided language models,프로그램지원언어모델(program-aided language models; PAL),프롬프트 엔지니어링;언어모델,"Gao et al., (2022)(opens in a new tab)는 LLM을 이용하여 자연어 문제를 읽고 중간 추론 단계로서의 프로그램을 생성하는 방법을 제시합니다. 그 방법은 프로그램지원언어모델(program-aided language models; PAL)이라고 이름 붙었으며, 해답을 얻기 위해 자유 형식 텍스트를 사용하는 대신 Python 인터프리터와 같은 프로그래밍 방식의 런타임을 통해 단계적으로 해결해 나간다는 점에서 생각의 사슬(chain-of-thought) 프롬프팅과 차이가 있습니다.",https://www.promptingguide.ai/kr/applications/pal.kr,,,파이썬의 경우 DNT로 처리해야 할 것 같습니다.
Tree of Thoughts (ToT),생각의 나무,프롬프트 엔지니어링;기법,ToT는 문제를 해결하기 위한 중간 단계로서 일관된 언어 시퀀스를 나타내는 Tree of Thoughts를 유지합니다. ,https://www.promptingguide.ai/kr/techniques/tot,,,"이 용어의 경우 현재 번역이 되어 있지 않으며, 오타가 있습니다."